epoch,train_loss,val_loss,train_accuracy,val_accuracy,train_f1_macro,train_precision_macro,train_recall_macro,train_f1_weighted,train_precision_weighted,train_recall_weighted,val_f1_macro,val_precision_macro,val_recall_macro,val_f1_weighted,val_precision_weighted,val_recall_weighted
1,2.764816189549633,1.5490295160900462,0.012267254987732745,0.0686766476075835,0.010084927814732261,0.06864029496953494,0.006796626755006898,0.017825542460547267,0.11476649959861035,0.012267254987732745,0.0235135042286067,0.08743468554386363,0.020191463144110685,0.07785783177577836,0.27376908633730873,0.0686766476075835
2,1.28933825843113,1.0318239033222198,0.14452488090626184,0.26951646121694883,0.1403413541796035,0.4083874296966207,0.10675955493669151,0.18439222807532063,0.4501786863440986,0.14452488090626184,0.2536936110691765,0.5540302279781961,0.2137635643157172,0.31578802928113253,0.6298455819690386,0.26951646121694883
3,0.875563459758906,0.7798576658422297,0.3514861706520675,0.3871566162885786,0.3854697730826736,0.7000282192015972,0.3052679592654025,0.43338154897144193,0.7144966982029585,0.3514861706520675,0.42425132745662647,0.7448628775943688,0.3493196074950009,0.4690371607669656,0.7843188236864015,0.3871566162885786
4,0.664433269079813,0.6631544561548667,0.48828858360401706,0.477435866371869,0.556358462709932,0.8183574976176368,0.45974361652614204,0.5848644819138072,0.8294594120343701,0.48828858360401706,0.5368793772134903,0.8057379979153617,0.4601329527701821,0.5586895477269562,0.8299629993478792,0.477435866371869
